	{

		"metadata": {
			"formatVersion" : 3.1,
			"generatedBy"   : "Blender 2.7 Exporter",
			"vertices"      : 96,
			"faces"         : 72,
			"normals"       : 10,
			"colors"        : 0,
			"uvs"           : [],
			"materials"     : 1,
			"morphTargets"  : 0,
			"bones"         : 0
		},

			"scale" : 1.000000,
			
			"vertices" : [-7.8,-1.19209e-07,-2.6,-7.8,-1.78814e-07,-4.4,-5,-1.78814e-07,-4.4,-5,-1.19209e-07,-2.6,-7.8,0.8,-2.6,-7.8,0.8,-4.4,-5,0.8,-4.4,-5,0.8,-2.6,-8.6,-3.8743e-07,-8.7,-8.6,-5.06639e-07,-11.5,-7.6,-5.06639e-07,-11.5,-7.6,-3.8743e-07,-8.7,-8.6,0.6,-8.7,-8.6,0.6,-11.5,-7.6,0.6,-11.5,-7.6,0.6,-8.7,-7.6,-3.8743e-07,-8.7,-7.6,-5.06639e-07,-11.5,-4.6,-5.06639e-07,-11.5,-4.6,-3.8743e-07,-8.7,-7.6,0.9,-8.7,-7.6,0.899999,-11.5,-4.6,0.899999,-11.5,-4.6,0.9,-8.7,-8.65,-2.38419e-07,-5.8,-8.65,-3.57628e-07,-8,-3.05,-3.57628e-07,-8,-3.05,-2.38419e-07,-5.8,-8.65,0.6,-5.8,-8.65,0.6,-8,-3.05,0.6,-8,-3.05,0.6,-5.8,-2.56537,0.3,-8,-2.56537,0.3,-8.8,-2.36537,0.3,-8.8,-2.36537,0.3,-8,-2.56537,0.6,-8,-2.56537,0.6,-8.8,-2.36537,0.6,-8.8,-2.36537,0.6,-8,-3,-3.8743e-07,-8.8,-3,-5.06639e-07,-11,-1.6,-5.06639e-07,-11,-1.6,-3.8743e-07,-8.8,-3,0.9,-8.8,-3,0.899999,-11,-1.6,0.899999,-11,-1.6,0.9,-8.8,-3.02,-2.5332e-07,-5.8,-3.02,-2.83122e-07,-6.6,-1.42,-2.83122e-07,-6.6,-1.42,-2.5332e-07,-5.8,-3.02,0.3,-5.8,-3.02,0.3,-6.6,-1.42,0.3,-6.6,-1.42,0.3,-5.8,-3.02,-2.98023e-07,-6.6,-3.02,-3.57628e-07,-8,-1.42,-3.57628e-07,-8,-1.42,-2.98023e-07,-6.6,-3.02,0.64,-6.6,-3.02,0.64,-8,-1.42,0.64,-8,-1.42,0.64,-6.6,-1.42,0.3,-6.6,-1.42,0.3,-6.8,-1,0.3,-6.8,-1,0.3,-6.6,-1.42,0.6,-6.6,-1.42,0.6,-6.8,-1,0.6,-6.8,-1,0.6,-6.6,0,0,-1,0,0,0,-1,0,-5.96046e-08,-1,0,-1,2.38419e-07,1.2,-1,-3.27826e-07,1.2,2.98023e-07,-1,1.2,-2.08616e-07,-1,1.2,-1,0,-3.57628e-07,-8,0,-5.96046e-08,-1,-1,-5.96046e-08,-1,-1,-3.57628e-07,-8,2.38419e-07,0.9,-8,-3.27826e-07,0.9,-0.999998,-1,0.9,-1,-1,0.9,-8,-1,-5.96046e-08,-1,-1,0,0,-8.6,0,-5.96046e-08,-8.6,-5.96046e-08,-1,-0.999998,0.9,-1,-1,0.9,2.98023e-07,-8.6,0.9,-2.08616e-07,-8.6,0.9,-1],
			"faces"    : [35,1,0,4,5,0,0,1,2,3,35,5,6,2,1,0,3,4,5,0,35,6,7,3,2,0,4,6,7,5,35,0,3,7,4,0,1,7,6,2,35,0,1,2,3,0,1,0,5,7,35,7,6,5,4,0,6,4,3,2,35,9,8,12,13,1,0,1,2,3,35,13,14,10,9,1,3,4,5,0,35,14,15,11,10,1,4,6,7,5,35,8,11,15,12,1,1,7,6,2,35,8,9,10,11,1,1,0,5,7,35,15,14,13,12,1,6,4,3,2,35,17,16,20,21,2,0,1,2,3,35,21,22,18,17,2,3,4,5,0,35,22,23,19,18,2,4,6,7,5,35,16,19,23,20,2,1,7,6,2,35,16,17,18,19,2,1,0,5,7,35,23,22,21,20,2,6,4,3,2,35,25,24,28,29,3,0,1,2,3,35,29,30,26,25,3,3,4,5,0,35,30,31,27,26,3,4,6,7,5,35,24,27,31,28,3,1,7,6,2,35,24,25,26,27,3,1,0,5,7,35,31,30,29,28,3,6,4,3,2,35,33,32,36,37,4,0,1,2,3,35,37,38,34,33,4,3,4,5,0,35,38,39,35,34,4,4,6,7,5,35,32,35,39,36,4,1,7,6,2,35,32,33,34,35,4,1,0,5,7,35,39,38,37,36,4,6,4,3,2,35,41,40,44,45,5,0,1,2,3,35,45,46,42,41,5,3,4,5,0,35,46,47,43,42,5,4,6,7,5,35,40,43,47,44,5,1,7,6,2,35,40,41,42,43,5,1,0,5,7,35,47,46,45,44,5,6,4,3,2,35,49,48,52,53,6,0,1,2,3,35,53,54,50,49,6,3,4,5,0,35,54,55,51,50,6,4,6,7,5,35,48,51,55,52,6,1,7,6,2,35,48,49,50,51,6,1,0,5,7,35,55,54,53,52,6,6,4,3,2,35,57,56,60,61,7,0,1,2,3,35,61,62,58,57,7,3,4,5,0,35,62,63,59,58,7,4,6,7,5,35,56,59,63,60,7,1,7,6,2,35,56,57,58,59,7,1,0,5,7,35,63,62,61,60,7,6,4,3,2,35,65,64,68,69,8,0,1,2,3,35,69,70,66,65,8,3,4,5,0,35,70,71,67,66,8,4,6,7,5,35,64,67,71,68,8,1,7,6,2,35,64,65,66,67,8,1,0,5,7,35,71,70,69,68,8,6,4,3,2,35,72,73,74,75,9,5,7,1,0,35,76,79,78,77,9,4,3,2,6,35,72,76,77,73,9,5,4,6,7,35,73,77,78,74,9,7,6,2,1,35,74,78,79,75,9,1,2,3,0,35,76,72,75,79,9,4,5,0,3,35,80,81,82,83,10,5,7,1,0,35,84,87,86,85,10,8,3,2,6,35,80,84,85,81,10,5,8,6,7,35,81,85,86,82,10,7,6,2,1,35,82,86,87,83,10,1,2,3,0,35,84,80,83,87,10,8,5,0,3,35,88,89,90,91,11,5,7,1,0,35,92,95,94,93,11,4,3,2,9,35,88,92,93,89,11,5,4,9,7,35,89,93,94,90,11,7,9,2,1,35,90,94,95,91,11,1,2,3,0,35,92,88,91,95,11,4,5,0,3],
			"uvs"      : [],
			"normals"  : [-0.577349,-0.577349,-0.577349,-0.577349,-0.577349,0.577349,-0.577349,0.577349,0.577349,-0.577349,0.577349,-0.577349,0.577349,0.577349,-0.577349,0.577349,-0.577349,-0.577349,0.577349,0.577349,0.577349,0.577349,-0.577349,0.577349,0.577349,0.577349,-0.577319,0.577319,0.577349,0.577349],
			
			"skinIndices"  : [],
			"skinWeights"  : [],
			"morphTargets" : [],
			
			"bones"      : [],
			"animations" : [],
			
			"colors"    : [],
			"materials" : [
				{
					"DbgColor": 15658734,
					"DbgIndex": 0,
					"DbgName": "default",
					"vertexColors": false
				},
				{
					"DbgColor": 15658734,
					"DbgIndex": 0,
					"DbgName": "default",
					"vertexColors": false
				},
				{
					"DbgColor": 15658734,
					"DbgIndex": 0,
					"DbgName": "default",
					"vertexColors": false
				},
				{
					"DbgColor": 15658734,
					"DbgIndex": 0,
					"DbgName": "default",
					"vertexColors": false
				},
				{
					"DbgColor": 15658734,
					"DbgIndex": 0,
					"DbgName": "default",
					"vertexColors": false
				},
				{
					"DbgColor": 15658734,
					"DbgIndex": 0,
					"DbgName": "default",
					"vertexColors": false
				},
				{
					"DbgColor": 15658734,
					"DbgIndex": 0,
					"DbgName": "default",
					"vertexColors": false
				},
				{
					"DbgColor": 15658734,
					"DbgIndex": 0,
					"DbgName": "default",
					"vertexColors": false
				},
				{
					"DbgColor": 15658734,
					"DbgIndex": 0,
					"DbgName": "default",
					"vertexColors": false
				},
				{
					"DbgColor": 15597568,
					"DbgIndex": 1,
					"DbgName": "Material",
					"blending": "NormalBlending",
					"colorAmbient": [0.6400000190734865, 0.6400000190734865, 0.6400000190734865],
					"colorDiffuse": [0.6400000190734865, 0.6400000190734865, 0.6400000190734865],
					"colorEmissive": [0.0, 0.0, 0.0],
					"colorSpecular": [0.5, 0.5, 0.5],
					"depthTest": true,
					"depthWrite": true,
					"shading": "Lambert",
					"specularCoef": 50,
					"transparency": 1.0,
					"transparent": false,
					"vertexColors": false
				},
				{
					"DbgColor": 15597568,
					"DbgIndex": 1,
					"DbgName": "Material.001",
					"blending": "NormalBlending",
					"colorAmbient": [0.6400000190734865, 0.6400000190734865, 0.6400000190734865],
					"colorDiffuse": [0.6400000190734865, 0.6400000190734865, 0.6400000190734865],
					"colorEmissive": [0.0, 0.0, 0.0],
					"colorSpecular": [0.5, 0.5, 0.5],
					"depthTest": true,
					"depthWrite": true,
					"shading": "Lambert",
					"specularCoef": 50,
					"transparency": 1.0,
					"transparent": false,
					"vertexColors": false
				},
				{
					"DbgColor": 15597568,
					"DbgIndex": 1,
					"DbgName": "Material.002",
					"blending": "NormalBlending",
					"colorAmbient": [0.6400000190734865, 0.6400000190734865, 0.6400000190734865],
					"colorDiffuse": [0.6400000190734865, 0.6400000190734865, 0.6400000190734865],
					"colorEmissive": [0.0, 0.0, 0.0],
					"colorSpecular": [0.5, 0.5, 0.5],
					"depthTest": true,
					"depthWrite": true,
					"shading": "Lambert",
					"specularCoef": 50,
					"transparency": 1.0,
					"transparent": false,
					"vertexColors": false
				}
			]


	}
